signal,pin,peripheral,direction,criticality,group
GNSS_PPS,PA0,TIM2_CH1,INPUT,P0,TIME
RADAR_REF,PB10,TIM2_CH3,INPUT,P0,TIME
IMU_DRDY,PB11,TIM2_CH4,INPUT,P0,TIME
IMU_SPI_NSS,PB12,SPI2_NSS,OUTPUT,P0,IMU
IMU_SPI_SCK,PB13,SPI2_SCK,OUTPUT,P0,IMU
IMU_SPI_MISO,PB14,SPI2_MISO,INPUT,P0,IMU
IMU_SPI_MOSI,PB15,SPI2_MOSI,OUTPUT,P0,IMU
GNSS_UART_TX,PD8,USART3_TX,OUTPUT,P1,GNSS
GNSS_UART_RX,PD9,USART3_RX,INPUT,P1,GNSS
CAN_RX,PD0,FDCAN1_RX,INPUT,P1,CAN
CAN_TX,PD1,FDCAN1_TX,OUTPUT,P1,CAN
DEBUG_UART_TX,PD5,USART2_TX,OUTPUT,P2,DEBUG
DEBUG_UART_RX,PD6,USART2_RX,INPUT,P2,DEBUG
SWDIO,PA13,SWDIO,BIDIR,P0,DEBUG
SWCLK,PA14,SWCLK,INPUT,P0,DEBUG
SWO,PB3,SWO,OUTPUT,P1,DEBUG
ETH_RMII_REF_CLK,PA1,RMII_REF_CLK,INPUT,P0,ETH
ETH_MDIO,PA2,ETH_MDIO,BIDIR,P0,ETH
ETH_MDC,PC1,ETH_MDC,OUTPUT,P0,ETH
ETH_CRS_DV,PA7,RMII_CRS_DV,INPUT,P0,ETH
ETH_RXD0,PC4,RMII_RXD0,INPUT,P0,ETH
ETH_RXD1,PC5,RMII_RXD1,INPUT,P0,ETH
ETH_TX_EN,PG11,RMII_TX_EN,OUTPUT,P0,ETH
ETH_TXD0,PG13,RMII_TXD0,OUTPUT,P0,ETH
ETH_TXD1,PG14,RMII_TXD1,OUTPUT,P0,ETH
