functional_id,manufacturer,mpn,description,criticality,substitution_policy
MCU,STMicroelectronics,STM32H753IIT6,STM32H753 Cortex-M7 LQFP176,P0,NO_SUBSTITUTE
IMU,TDK InvenSense,ICM-42688-P,6-axis IMU,P0,NO_SUBSTITUTE
ETH_PHY,Microchip,LAN8742Ai-CZ-TR,10/100 RMII Ethernet PHY,P0,NO_SUBSTITUTE
CAN_XCVR,Texas Instruments,TCAN3404DRBRQ1,3.3V CAN FD transceiver,P0,NO_SUBSTITUTE
BUCK_3V3,Texas Instruments,TPS62130ARGTR,3A step-down converter,P0,NO_SUBSTITUTE
EFUSE,Texas Instruments,TPS259470ARPWR,eFuse / input protection,P0,NO_SUBSTITUTE
HSE_OSC,ECS,ECS-2520S33-250-FN-TR,25MHz 3.3V oscillator,P0,NO_SUBSTITUTE
ETH_CLK,ECS,ECS-2520S33-500-FN-TR,50MHz 3.3V oscillator,P0,NO_SUBSTITUTE
MAGJACK,Bel,P01-0006-01,Integrated-magnetics RJ45,P1,CONTROLLED_ALTERNATE
ETH_ESD,Texas Instruments,TPD4E05U06DQAR,4-channel low-capacitance ESD,P0,NO_SUBSTITUTE
CAN_ESD,Nexperia,ESD2CANFD24-Q1,CAN FD ESD protection,P0,NO_SUBSTITUTE
BUCK_L,Coilcraft,XFL4020-222MEC,2.2uH power inductor,P0,NO_SUBSTITUTE
INPUT_TVS,Littelfuse,SMAJ15CA,Bidirectional 15V TVS,P0,NO_SUBSTITUTE
FB_PRECISION,Murata,BLM18BD601SH1,Ferrite bead precision rail,P1,CONTROLLED_ALTERNATE
FB_HIGH_CURRENT,Murata,BLM18KG221SN1,Ferrite bead high-current rail,P1,CONTROLLED_ALTERNATE
