net_name,endpoints,net_class,criticality,notes
GNSS_PPS,GNSS_CONNECTOR;U1_PA0,TIME_CAPTURE,P0,GNSS PPS to TIM2_CH1
RADAR_REF,RADAR_CONNECTOR;U1_PB10,TIME_CAPTURE,P0,Radar frame/reference to TIM2_CH3
IMU_DRDY,U2_INT;U1_PB11,TIME_CAPTURE,P0,IMU data-ready to TIM2_CH4
IMU_NSS,U1_PB12;U2_CS,SPI,P1,SPI2 chip select
IMU_SCK,U1_PB13;U2_SCLK,SPI,P1,SPI2 clock
IMU_MISO,U1_PB14;U2_SDO,SPI,P1,SPI2 MISO
IMU_MOSI,U1_PB15;U2_SDI,SPI,P1,SPI2 MOSI
ETH_50M,Y2_OUT;U1_PA1;U3_REF_CLK,CLOCK,P0,50MHz star clock
ETH_MDIO,U1_PA2;U3_MDIO,RMII_CTRL,P1,PHY management
ETH_MDC,U1_PC1;U3_MDC,RMII_CTRL,P1,PHY management clock
ETH_CRS_DV,U1_PA7;U3_CRS_DV,RMII,P1,RMII receive control
ETH_RXD0,U1_PC4;U3_RXD0,RMII,P1,RMII data
ETH_RXD1,U1_PC5;U3_RXD1,RMII,P1,RMII data
ETH_TX_EN,U1_PG11;U3_TX_EN,RMII,P1,RMII transmit enable
ETH_TXD0,U1_PG13;U3_TXD0,RMII,P1,RMII transmit data
ETH_TXD1,U1_PG14;U3_TXD1,RMII,P1,RMII transmit data
CAN_RX,U4_RXD;U1_PD0,CAN_LOGIC,P1,CAN receive
CAN_TX,U1_PD1;U4_TXD,CAN_LOGIC,P1,CAN transmit
GNSS_RX_EXT,U1_PD8;GNSS_CONNECTOR_RX,UART,P1,USART3 transmit toward GNSS
GNSS_TX_EXT,GNSS_CONNECTOR_TX;U1_PD9,UART,P1,USART3 receive from GNSS
SWDIO,SWD_CONNECTOR;U1_PA13,DEBUG,P0,Programming/debug
SWCLK,SWD_CONNECTOR;U1_PA14,DEBUG,P0,Programming/debug clock
MCU_HSE_25M,Y1_OUT;U1_PH0,CLOCK,P0,25MHz external oscillator
VIN_RAW,J1_POWER;D_IN,POWER,P0,Unprotected input
VIN_PROTECTED,U6_OUT;U5_VIN,POWER,P0,Protected input rail
3V3,U5_OUT;U1_VDD;U2_VDD;U3_VDD;U4_VCC;Y1_VDD;Y2_VDD,POWER,P0,Primary digital rail
