signal,mcu_pin,physical_pin,peripheral,af,direction,criticality,net_name
GNSS_PPS,PA0,40,TIM2_CH1,AF1,IN,P0,GNSS_PPS
ETH_RMII_REF_CLK,PA1,41,ETH_RMII_REF_CLK,AF11,IN,P0,ETH_50M
ETH_MDIO,PA2,42,ETH_MDIO,AF11,BIDIR,P1,ETH_MDIO
ETH_RMII_CRS_DV,PA7,53,ETH_RMII_CRS_DV,AF11,IN,P1,ETH_CRS_DV
ETH_MDC,PC1,33,ETH_MDC,AF11,OUT,P1,ETH_MDC
ETH_RMII_RXD0,PC4,54,ETH_RMII_RXD0,AF11,IN,P1,ETH_RXD0
ETH_RMII_RXD1,PC5,55,ETH_RMII_RXD1,AF11,IN,P1,ETH_RXD1
RADAR_REF,PB10,79,TIM2_CH3,AF1,IN,P0,RADAR_REF
IMU_DRDY,PB11,80,TIM2_CH4,AF1,IN,P0,IMU_DRDY
IMU_NSS,PB12,92,SPI2_NSS,AF5,OUT,P1,IMU_NSS
IMU_SCK,PB13,93,SPI2_SCK,AF5,OUT,P1,IMU_SCK
IMU_MISO,PB14,94,SPI2_MISO,AF5,IN,P1,IMU_MISO
IMU_MOSI,PB15,95,SPI2_MOSI,AF5,OUT,P1,IMU_MOSI
GNSS_TX,PD8,96,USART3_TX,AF7,OUT,P1,GNSS_RX_EXT
GNSS_RX,PD9,97,USART3_RX,AF7,IN,P1,GNSS_TX_EXT
CAN_RX,PD0,141,FDCAN1_RX,AF9,IN,P1,CAN_RX
CAN_TX,PD1,142,FDCAN1_TX,AF9,OUT,P1,CAN_TX
DEBUG_TX,PD5,146,USART2_TX,AF7,OUT,P2,DEBUG_TX
DEBUG_RX,PD6,149,USART2_RX,AF7,IN,P2,DEBUG_RX
ETH_RMII_TX_EN,PG11,153,ETH_RMII_TX_EN,AF11,OUT,P1,ETH_TX_EN
ETH_RMII_TXD0,PG13,155,ETH_RMII_TXD0,AF11,OUT,P1,ETH_TXD0
ETH_RMII_TXD1,PG14,156,ETH_RMII_TXD1,AF11,OUT,P1,ETH_TXD1
SWDIO,PA13,124,SWDIO,SYS,BIDIR,P0,SWDIO
SWCLK,PA14,136,SWCLK,SYS,IN,P0,SWCLK
SWO,PB3,161,TRACESWO,SYS,OUT,P2,SWO
MCU_HSE,PH0,29,OSC_IN,SYS,IN,P0,MCU_HSE_25M
